<?xml version="1.0"?>
<metacity_theme>
<info>
  <name>elementary</name>
  <author>elementart Art Team</author>
  <copyright>GPL</copyright>
  <date>November 2009</date>
  <description>A pleasant theme built to adapt to many color schemes as well as be optimal for both high and low resolution displays.</description>
</info>

<!-- ::: GEOMETRY ::: -->
<frame_geometry name="normal" rounded_top_left="true" rounded_top_right="true" rounded_bottom_left="true" rounded_bottom_right="true">
	<distance name="left_width" value="2"/>
	<distance name="right_width" value="2"/>
	<distance name="bottom_height" value="2"/>
	<distance name="left_titlebar_edge" value="0"/>
	<distance name="right_titlebar_edge" value="0"/>
	<distance name="button_width" value="16"/>
	<distance name="button_height" value="20"/>
	<distance name="title_vertical_pad" value="0"/>
	<border name="title_border" left="2" right="2" top="0" bottom="0"/>
	<border name="button_border" left="1" right="1" top="0" bottom="0"/>
</frame_geometry>

<frame_geometry name="shaded" parent="normal" rounded_top_left="true" rounded_top_right="true" rounded_bottom_left="false" rounded_bottom_right="false"/>

<frame_geometry name="normal_maximized" parent="normal" rounded_top_left="false" rounded_top_right="false" rounded_bottom_left="false" rounded_bottom_right="false">
	<!-- strip frame spacing off the normal geometry when maximised -->
	<distance name="left_width" value="0"/>
	<distance name="right_width" value="0"/>
	<distance name="bottom_height" value="1"/>
	<distance name="left_titlebar_edge" value="1"/>
	<distance name="right_titlebar_edge" value="1"/>
</frame_geometry>

<frame_geometry name="utility" title_scale="small" rounded_top_left="true" rounded_top_right="true" rounded_bottom_left="false" rounded_bottom_right="false">
	<distance name="left_width" value="2"/>
	<distance name="right_width" value="2"/>
	<distance name="bottom_height" value="2"/>
	<distance name="left_titlebar_edge" value="3"/>
	<distance name="right_titlebar_edge" value="3"/>
	<distance name="title_vertical_pad" value="1"/>
	<border name="title_border" left="2" right="2" top="0" bottom="0"/>
	<border name="button_border" left="0" right="0" top="0" bottom="0"/>
	<distance name="button_width" value="20"/>
	<distance name="button_height" value="20"/>
</frame_geometry>

<frame_geometry name="border" has_title="false">
	<distance name="left_width" value="2"/>
	<distance name="right_width" value="2"/>
	<distance name="bottom_height" value="2"/>
	<distance name="left_titlebar_edge" value="0"/>
	<distance name="right_titlebar_edge" value="0"/>
	<distance name="button_width" value="0"/>
	<distance name="button_height" value="0"/>
	<distance name="title_vertical_pad" value="4"/>
	<border name="title_border" left="0" right="0" top="0" bottom="0"/>
	<border name="button_border" left="0" right="0" top="0" bottom="0"/>
</frame_geometry>

<!-- button minimum size -->
<constant name="Bmin" value="7"/>
<!-- button inside padding -->
<constant name="Bpad" value="6"/>

<!-- ::: CORNERS OUTLINE::: -->
<draw_ops name="corners_outline">
	<!-- top left Dark -->
	<line color="#2c191b" x1="3" y1="1" x2="4" y2="1"/>
	<line color="#2c191b" x1="2" y1="2" x2="2" y2="2"/>
	<line color="#2c191b" x1="1" y1="3" x2="1" y2="4"/>
	
	<!-- top right Dark -->
	<line color="#1c191b" x1="width-5" y1="1" x2="width-4" y2="1"/>
	<line color="shade/gtk:bg[NORMAL]/0.66" x1="width-3" y1="2" x2="width-3" y2="2"/>
	<line color="shade/gtk:bg[NORMAL]/0.66" x1="width-2" y1="3" x2="width-2" y2="4"/>

	<!-- top left White -->
	<line color="shade/gtk:bg[NORMAL]/1.12" x1="4" y1="2" x2="4" y2="2"/>
	<line color="shade/gtk:bg[NORMAL]/1.00" x1="3" y1="2" x2="3" y2="2"/>
	<line color="shade/gtk:bg[NORMAL]/0.80" x1="2" y1="3" x2="2" y2="3"/>
	<line color="shade/gtk:bg[NORMAL]/0.75" x1="2" y1="4" x2="2" y2="4"/>

	<!-- top right White -->
	<line color="shade/gtk:bg[NORMAL]/1.12" x1="width-5" y1="2" x2="width-5" y2="2"/>
	<line color="shade/gtk:bg[NORMAL]/1.00" x1="width-4" y1="2" x2="width-4" y2="2"/>
	<line color="shade/gtk:bg[NORMAL]/0.80" x1="width-3" y1="3" x2="width-3" y2="3"/>
	<line color="shade/gtk:bg[NORMAL]/0.75" x1="width-3" y1="4" x2="width-3" y2="4"/>

</draw_ops>

<!-- ::: BORDER OUTLINE ::: -->
<draw_ops name="border">
	<line color="shade/#000000/1.0" x1="0" y1="0" x2="width" y2="0"/>
	<line color="shade/gtk:bg[NORMAL]/1.33" x1="4" y1="1" x2="width-1" y2="1"/>
	<line color="shade/#000000/0.66" x1="0" y1="0" x2="0" y2="height"/>
	<line color="shade/#000000/0.66" x1="width-1" y1="0" x2="width-1" y2="height"/>
	<line color="shade/#000000/0.66" x1="0" y1="height-1" x2="width" y2="height-1"/>
</draw_ops>

<draw_ops name="maxed_border">
	<line color="shade/gtk:bg[NORMAL]/1.14" x1="0" y1="0" x2="width" y2="0"/>
	<line color="shade/gtk:bg[NORMAL]/0.66" x1="0" y1="height-1" x2="width" y2="height-1"/>
</draw_ops>

<!-- ::: TITLEBAR ::: -->

<draw_ops name="titlebar_gradient">
	<gradient type="vertical" x="0" y="0" width="width" height="22">
		<color value="shade/#3d3d3d/1.0"/>
		<color value="shade/#000000/1.10"/>
	</gradient>
</draw_ops>

<draw_ops name="titlebar_maximized">
	<include name="titlebar_gradient"/>
	<include name="maxed_border"/>
</draw_ops>

<draw_ops name="round_titlebar">
	<include name="titlebar_gradient"/>
	<include name="border"/>
	<include name="corners_outline"/>
</draw_ops>

<draw_ops name="titlebar_shaded">
	<include name="border"/>
	<line color="shade/gtk:bg[NORMAL]/0.66" x1="0" y1="height-1" x2="width" y2="height-1"/>
</draw_ops>

<draw_ops name="round_titlebar_shaded">
	<include name="border"/>
	<include name="corners_outline"/>
	<line color="shade/gtk:bg[NORMAL]/0.66" x1="5" y1="height-1" x2="width-6" y2="height-1"/>
</draw_ops>

<!-- ::: TITLES ::: -->
<draw_ops name="title">
	<title color="shade/gtk:bg[NORMAL]/0.30" x="3 `max` (width-title_width)/2" y="1 `max` ((height-title_height)/2)+1"/>
	<title color="shade/gtk:fg[NORMAL]/0.80" x="3 `max` (width-title_width)/2" y="0 `max` ((height-title_height)/2)"/>
</draw_ops>

<draw_ops name="title_unfocused">
	<title color="shade/gtk:bg[NORMAL]/0.50" x="4 `max` (width-title_width)/2+1" y="1 `max` ((height-title_height)/2)+1"/>
	<title color="shade/gtk:fg[NORMAL]/0.60" x="3 `max` (width-title_width)/2" y="0 `max` ((height-title_height)/2)"/>
</draw_ops>

<!-- menu icon -->

<draw_ops name="menu_button_normal">
	<image filename="menu-normal.png"
		x="(width - object_width) / 2"
		y="(height - object_height) / 2"
		width="object_width"
		height="object_height"/>
</draw_ops>
<draw_ops name="menu_button_prelight">
	<image filename="menu-prelight.png"
		x="(width - object_width) / 2"
		y="(height - object_height) / 2"
		width="object_width"
		height="object_height"/>
</draw_ops>
<draw_ops name="menu_button_pressed">
	<image filename="menu-pressed.png"
		x="(width - object_width) / 2"
		y="(height - object_height) / 2"
		width="object_width"
		height="object_height"/>
</draw_ops>
<draw_ops name="menu_button_unfocused">
	<image filename="menu.png"
		x="(width - object_width) / 2"
		y="(height - object_height) / 2"
		width="object_width"
		height="object_height"/>
</draw_ops>


<!-- close icon -->

<draw_ops name="close_button_normal">
	<image filename="close-normal.png"
		x="(width - object_width) / 2"
		y="(height - object_height) / 2"
		width="object_width"
		height="object_height"/>
</draw_ops>

<draw_ops name="close_button_prelight">
	<image filename="close-prelight.png"
		x="(width - object_width) / 2"
		y="(height - object_height) / 2"
		width="object_width"
		height="object_height"/>
</draw_ops>

<draw_ops name="close_button_pressed">
	<image filename="close-pressed.png"
		x="(width - object_width) / 2"
		y="(height - object_height) / 2"
		width="object_width"
		height="object_height"/>
</draw_ops>

<draw_ops name="close_button_unfocused">
	<image filename="button.png"
		x="(width - object_width) / 2"
		y="(height - object_height) / 2"
		width="object_width"
		height="object_height"/>
</draw_ops>

<!-- maximize icon -->

<draw_ops name="maximize_button_normal">
	<image filename="maximize-normal.png"
		x="(width - object_width) / 2"
		y="(height - object_height) / 2"
		width="object_width"
		height="object_height"/>
</draw_ops>

<draw_ops name="maximize_button_prelight">
	<image filename="maximize-prelight.png"
		x="(width - object_width) / 2"
		y="(height - object_height) / 2"
		width="object_width"
		height="object_height"/>
</draw_ops>

<draw_ops name="maximize_button_pressed">
	<image filename="maximize-pressed.png"
		x="(width - object_width) / 2"
		y="(height - object_height) / 2"
		width="object_width"
		height="object_height"/>
</draw_ops>

<draw_ops name="maximize_button_unfocused">
	<image filename="button.png"
		x="(width - object_width) / 2"
		y="(height - object_height) / 2"
		width="object_width"
		height="object_height"/>
</draw_ops>

<!-- minimize icon -->

<draw_ops name="minimize_button_normal">
	<image filename="minimize-normal.png"
		x="(width - object_width) / 2"
		y="(height - object_height) / 2"
		width="object_width"
		height="object_height"/>
</draw_ops>

<draw_ops name="minimize_button_prelight">

	<image filename="minimize-prelight.png"
		x="(width - object_width) / 2"
		y="(height - object_height) / 2"
		width="object_width"
		height="object_height"/>
</draw_ops>

<draw_ops name="minimize_button_pressed">
	<image filename="minimize-pressed.png"
		x="(width - object_width) / 2"
		y="(height - object_height) / 2"
		width="object_width"
		height="object_height"/>
</draw_ops>

<draw_ops name="minimize_button_unfocused">
	<image filename="button.png"
		x="(width - object_width) / 2"
		y="(height - object_height) / 2"
		width="object_width"
		height="object_height"/>
</draw_ops>

<draw_ops name="blank">
<!-- nothing -->
</draw_ops>

<!-- ::: FRAME STYLES ::: -->
<frame_style name="normal" geometry="normal">
	<piece position="entire_background" draw_ops="round_titlebar"/>
	<piece position="title" draw_ops="title_unfocused"/>
	<button function="close" state="normal" draw_ops="close_button_unfocused"/>
	<button function="close" state="pressed" draw_ops="close_button_pressed"/>
	<button function="close" state="prelight" draw_ops="close_button_prelight"/>
	<button function="maximize" state="normal" draw_ops="maximize_button_unfocused"/>
	<button function="maximize" state="pressed" draw_ops="maximize_button_pressed"/>
	<button function="maximize" state="prelight" draw_ops="maximize_button_prelight"/>
	<button function="minimize" state="normal" draw_ops="minimize_button_unfocused"/>
	<button function="minimize" state="pressed" draw_ops="minimize_button_pressed"/>
	<button function="minimize" state="prelight" draw_ops="minimize_button_prelight"/>
	<button function="menu" state="normal" draw_ops="menu_button_unfocused"/>
	<button function="menu" state="pressed" draw_ops="menu_button_pressed"/>
	<button function="menu" state="prelight" draw_ops="menu_button_prelight"/>
</frame_style>

<frame_style name="normal_shaded" geometry="shaded" parent="normal">
	<piece position="entire_background" draw_ops="round_titlebar"/>
</frame_style>

<frame_style name="focused" geometry="normal" parent="normal">
	<piece position="entire_background" draw_ops="round_titlebar"/>
	<piece position="title" draw_ops="title"/>
	<button function="close" state="normal" draw_ops="close_button_normal"/>
	<button function="close" state="pressed" draw_ops="close_button_pressed"/>
	<button function="close" state="prelight" draw_ops="close_button_prelight"/>
	<button function="maximize" state="normal" draw_ops="maximize_button_normal"/>
	<button function="maximize" state="pressed" draw_ops="maximize_button_pressed"/>
	<button function="maximize" state="prelight" draw_ops="maximize_button_prelight"/>
	<button function="minimize" state="normal" draw_ops="minimize_button_normal"/>
	<button function="minimize" state="pressed" draw_ops="minimize_button_pressed"/>
	<button function="minimize" state="prelight" draw_ops="minimize_button_prelight"/>
	<button function="menu" state="normal" draw_ops="menu_button_normal"/>
	<button function="menu" state="pressed" draw_ops="menu_button_pressed"/>
	<button function="menu" state="prelight" draw_ops="menu_button_prelight"/>
</frame_style>

<frame_style name="focused_shaded" geometry="shaded" parent="focused">
	<piece position="entire_background" draw_ops="round_titlebar_shaded"/>
</frame_style>

<frame_style name="normal_maximized" geometry="normal_maximized" parent="normal">
	<piece position="entire_background" draw_ops="titlebar_maximized"/>
	<button function="maximize" state="normal" draw_ops="maximize_button_unfocused"/>
	<button function="maximize" state="pressed" draw_ops="maximize_button_pressed"/>
	<button function="maximize" state="prelight" draw_ops="maximize_button_prelight"/>
</frame_style>

<frame_style name="focused_maximized" geometry="normal_maximized" parent="focused">
	<piece position="entire_background" draw_ops="titlebar_maximized"/>
	<button function="maximize" state="normal" draw_ops="maximize_button_normal"/>
	<button function="maximize" state="pressed" draw_ops="maximize_button_pressed"/>
	<button function="maximize" state="prelight" draw_ops="maximize_button_prelight"/>
</frame_style>

<frame_style name="border" geometry="border" parent="normal">
	<piece position="entire_background" draw_ops="border"/>
	<piece position="title" draw_ops="blank"/>
</frame_style>

<frame_style name="utility_normal" geometry="utility" parent="normal">
</frame_style>

<frame_style name="utility_focused" geometry="utility" parent="focused">
</frame_style>

<frame_style name="utility_focused_shaded" geometry="utility" parent="focused_shaded">
	<piece position="entire_background" draw_ops="titlebar_shaded"/>
</frame_style>

<frame_style_set name="normal">
	<frame focus="yes" state="normal" resize="both" style="focused"/>
	<frame focus="no" state="normal" resize="both" style="normal"/>
	<frame focus="yes" state="maximized" style="focused_maximized"/>
	<frame focus="no" state="maximized" style="normal_maximized"/>
	<frame focus="yes" state="shaded" style="focused_shaded"/>
	<frame focus="no" state="shaded" style="normal_shaded"/>
	<frame focus="yes" state="maximized_and_shaded" style="focused_maximized"/>
	<frame focus="no" state="maximized_and_shaded" style="normal_maximized"/>
</frame_style_set>

<frame_style_set name="utility" parent="normal">
	<frame focus="yes" state="normal" resize="both" style="utility_focused"/>
	<frame focus="no" state="normal" resize="both" style="utility_normal"/>
	<!-- this is a bunch of crack since utility windows shouldn't be maximized -->
	<frame focus="yes" state="maximized" style="focused"/>
	<frame focus="no" state="maximized" style="normal"/>
	<frame focus="yes" state="shaded" style="utility_focused_shaded"/>
	<frame focus="no" state="shaded" style="utility_normal"/>
	<frame focus="yes" state="maximized_and_shaded" style="focused_shaded"/>
	<frame focus="no" state="maximized_and_shaded" style="normal"/>
</frame_style_set>

<frame_style_set name="border">
	<frame focus="yes" state="normal" resize="both" style="border"/>
	<frame focus="no" state="normal" resize="both" style="border"/>
	<frame focus="yes" state="maximized" style="border"/>
	<frame focus="no" state="maximized" style="border"/>
	<frame focus="yes" state="shaded" style="border"/>
	<frame focus="no" state="shaded" style="border"/>
	<frame focus="yes" state="maximized_and_shaded" style="border"/>
	<frame focus="no" state="maximized_and_shaded" style="border"/>
</frame_style_set>

<window type="normal" style_set="normal"/>
<window type="dialog" style_set="normal"/>
<window type="modal_dialog" style_set="normal"/>
<window type="menu" style_set="normal"/>
<window type="utility" style_set="utility"/>
<window type="border" style_set="border"/>

<menu_icon function="close" state="normal" draw_ops="close_button_icon_unfocused"/>
<menu_icon function="maximize" state="normal" draw_ops="maximize_button_icon_unfocused"/>
<menu_icon function="unmaximize" state="normal" draw_ops="maximize_button_icon_unfocused"/>
<menu_icon function="minimize" state="normal" draw_ops="minimize_button_icon_unfocused"/>

</metacity_theme>



